title,price
Lenovo 100e Chromebook Gen 4 MediaTek Kompanio 520 - (4 GB/32 GB EMMC Storage/Chrome OS) 82W00004HA Ch...,9499
ASUS Vivobook Go 15 OLED AMD Ryzen 3 Quad Core 7320U - (8 GB/512 GB SSD/Windows 11 Home) E1504FA-LK322...,16298
AXL Intel Celeron Dual Core - (4 GB/256 GB SSD/Windows 11 Home) 15W_LAP02 Thin and Light Laptop,8700
ASUS Expertbook P1 Intel Core i5 13th Gen 13420H - (16 GB/512 GB SSD/Windows 11 Home) P1503CVA-S70611W...,27990
Lenovo Slim 5 Co-Pilot Next Gen AI PC Full Metal Snapdragon X Plus - (16 GB/1 TB SSD/Windows 11 Home) ...,44990
Lenovo Chromebook Duet 11M889 MediaTek MediaTek Kompanio 838 - (8 GB/128 GB EMMC Storage/Chrome OS) Ch...,15990
ASUS Chromebook Plus Intel Core i3 12th Gen 1215U - (8 GB/128 GB/Chrome OS) CX3402CBA-PQ0173 Chromeboo...,33399
"ASUS Vivobook 14 (2025) with Office 2024 + M365 Basic*, AI PC Intel Core Ultra 5 225H - (16 GB/512 GB ...",14750
ASUS Vivobook 15 Intel Core i5 12th Gen 1235U - (8 GB/512 GB SSD/Windows 11 Home) X1504ZA-NJ521WS|X150...,14870
ASUS Chromebook Intel Celeron Dual Core N4500 - (8 GB/128 GB EMMC Storage/Chrome OS) CX1500CKA-NJ0395 ...,32990
HP Chromebook Intel Celeron Dual Core N4120 - (4 GB/64 GB EMMC Storage/Chrome OS) 14a-ca0506TU Chromeb...,32990
ASUS Vivobook Go 15 OLED AMD Ryzen 3 Quad Core 7320U - (8 GB/512 GB SSD/Windows 11 Home) E1504FA-LK321...,61990
ASUS Chromebook Intel Celeron Dual Core N4500 - (4 GB/64 GB EMMC Storage/Chrome OS) CX1500CKA-NJ0393 C...,25000
Lenovo 100e Chromebook Gen 4 MediaTek MediaTek Kompanio 528 - (4 GB/64 GB EMMC Storage/Chrome OS) 82W0...,16990
Lenovo V 15 (2025) Intel Celeron Dual Core N4500 - (8 GB/256 GB SSD/Windows 11 Home) V 15 Thin and Lig...,33990
Reviews for Popular Laptops,21990
2. Lenovo 100e Chromebook Gen ...,32999
4. ASUS Vivobook 14 (2025) wit...,17000
5. ASUS Vivobook Go 15 OLED AM...,17990
The Laptop is too awesome and enough for your daily basis work.....if you guys looking for a best Display just go for it......if you got satisfied for my rev...,35999
